player,team,scope,subject,gp,tuh,correct,zeros,negs,points,ppg
Aditya,Mira Loma A,all,overall,10,240,73,,23,200,
Aditya,Mira Loma A,all,other,10,,14,,6,32,
Aditya,Mira Loma A,all,math,10,,7,,1,24,
Aditya,Mira Loma A,all,chemistry,10,,7,,3,16,
Aditya,Mira Loma A,all,ess,10,,11,,4,28,
Aditya,Mira Loma A,all,biology,10,,26,,6,80,
Aditya,Mira Loma A,all,physics,10,,8,,3,20,
Tanish,Stanford OHS,all,overall,8,192,37,,5,128,
Tanish,Stanford OHS,all,other,8,,6,,1,20,
Tanish,Stanford OHS,all,math,8,,4,,1,12,
Tanish,Stanford OHS,all,chemistry,8,,9,,0,36,
Tanish,Stanford OHS,all,ess,8,,4,,0,16,
Tanish,Stanford OHS,all,biology,8,,6,,0,24,
Tanish,Stanford OHS,all,physics,8,,8,,3,20,
Jake,Cupertino A,all,overall,8,192,34,,3,124,
Jake,Cupertino A,all,other,8,,5,,1,16,
Jake,Cupertino A,all,math,8,,5,,1,16,
Jake,Cupertino A,all,chemistry,8,,4,,1,12,
Jake,Cupertino A,all,ess,8,,11,,0,44,
Jake,Cupertino A,all,biology,8,,1,,0,4,
Jake,Cupertino A,all,physics,8,,8,,0,32,
Aaditya,Cupertino A,all,overall,8,192,34,,5,116,
Aaditya,Cupertino A,all,other,8,,9,,2,28,
Aaditya,Cupertino A,all,math,8,,1,,0,4,
Aaditya,Cupertino A,all,chemistry,8,,5,,0,20,
Aaditya,Cupertino A,all,ess,8,,4,,1,12,
Aaditya,Cupertino A,all,biology,8,,13,,2,44,
Aaditya,Cupertino A,all,physics,8,,2,,0,8,
Anthony,Saratoga A,all,overall,10,240,39,,3,144,
Anthony,Saratoga A,all,other,10,,5,,0,20,
Anthony,Saratoga A,all,math,10,,2,,0,8,
Anthony,Saratoga A,all,chemistry,10,,1,,0,4,
Anthony,Saratoga A,all,ess,10,,21,,2,76,
Anthony,Saratoga A,all,biology,10,,3,,0,12,
Anthony,Saratoga A,all,physics,10,,7,,1,24,
Elyas,Mira Loma B,all,overall,8,192,27,,4,92,
Elyas,Mira Loma B,all,other,8,,5,,3,8,
Elyas,Mira Loma B,all,math,8,,2,,0,8,
Elyas,Mira Loma B,all,chemistry,8,,10,,1,36,
Elyas,Mira Loma B,all,ess,8,,3,,0,12,
Elyas,Mira Loma B,all,biology,8,,2,,0,8,
Elyas,Mira Loma B,all,physics,8,,5,,0,20,
Arjun,Saratoga B,all,overall,8,192,22,,0,88,
Arjun,Saratoga B,all,other,8,,2,,0,8,
Arjun,Saratoga B,all,math,8,,5,,0,20,
Arjun,Saratoga B,all,chemistry,8,,2,,0,8,
Arjun,Saratoga B,all,ess,8,,3,,0,12,
Arjun,Saratoga B,all,biology,8,,9,,0,36,
Arjun,Saratoga B,all,physics,8,,1,,0,4,
Harish,Mira Loma B,all,overall,8,192,25,,3,88,
Harish,Mira Loma B,all,other,8,,0,,0,0,
Harish,Mira Loma B,all,math,8,,10,,1,36,
Harish,Mira Loma B,all,chemistry,8,,0,,0,0,
Harish,Mira Loma B,all,ess,8,,1,,0,4,
Harish,Mira Loma B,all,biology,8,,2,,0,8,
Harish,Mira Loma B,all,physics,8,,12,,2,40,
Nilay,Saratoga A,all,overall,10,240,32,,5,108,
Nilay,Saratoga A,all,other,10,,5,,0,20,
Nilay,Saratoga A,all,math,10,,16,,3,52,
Nilay,Saratoga A,all,chemistry,10,,7,,1,24,
Nilay,Saratoga A,all,ess,10,,0,,0,0,
Nilay,Saratoga A,all,biology,10,,0,,0,0,
Nilay,Saratoga A,all,physics,10,,4,,1,12,
Nipun,Mira Loma A,all,overall,10,240,33,,6,108,
Nipun,Mira Loma A,all,other,10,,3,,0,12,
Nipun,Mira Loma A,all,math,10,,3,,1,8,
Nipun,Mira Loma A,all,chemistry,10,,20,,4,64,
Nipun,Mira Loma A,all,ess,10,,6,,1,20,
Nipun,Mira Loma A,all,biology,10,,0,,0,0,
Nipun,Mira Loma A,all,physics,10,,1,,0,4,
Johnathen,Palo Alto A,all,overall,8,192,26,,5,84,
Johnathen,Palo Alto A,all,other,8,,9,,0,36,
Johnathen,Palo Alto A,all,math,8,,2,,1,4,
Johnathen,Palo Alto A,all,chemistry,8,,4,,0,16,
Johnathen,Palo Alto A,all,ess,8,,1,,0,4,
Johnathen,Palo Alto A,all,biology,8,,9,,4,20,
Johnathen,Palo Alto A,all,physics,8,,1,,0,4,
Advaith,Saratoga A,all,overall,10,240,27,,5,88,
Advaith,Saratoga A,all,other,10,,5,,1,16,
Advaith,Saratoga A,all,math,10,,6,,1,20,
Advaith,Saratoga A,all,chemistry,10,,5,,0,20,
Advaith,Saratoga A,all,ess,10,,1,,1,0,
Advaith,Saratoga A,all,biology,10,,6,,1,20,
Advaith,Saratoga A,all,physics,10,,4,,1,12,
Atticus,Palo Alto A,all,overall,8,192,18,,1,68,
Atticus,Palo Alto A,all,other,8,,4,,0,16,
Atticus,Palo Alto A,all,math,8,,3,,0,12,
Atticus,Palo Alto A,all,chemistry,8,,5,,0,20,
Atticus,Palo Alto A,all,ess,8,,0,,1,-4,
Atticus,Palo Alto A,all,biology,8,,1,,0,4,
Atticus,Palo Alto A,all,physics,8,,5,,0,20,
Nolan,Saratoga B,all,overall,4,96,8,,0,32,
Nolan,Saratoga B,all,other,4,,1,,0,4,
Nolan,Saratoga B,all,math,4,,1,,0,4,
Nolan,Saratoga B,all,chemistry,4,,0,,0,0,
Nolan,Saratoga B,all,ess,4,,1,,0,4,
Nolan,Saratoga B,all,biology,4,,0,,0,0,
Nolan,Saratoga B,all,physics,4,,5,,0,20,
Forrest,Palo Alto A,all,overall,8,192,16,,1,60,
Forrest,Palo Alto A,all,other,8,,1,,0,4,
Forrest,Palo Alto A,all,math,8,,5,,1,16,
Forrest,Palo Alto A,all,chemistry,8,,1,,0,4,
Forrest,Palo Alto A,all,ess,8,,2,,0,8,
Forrest,Palo Alto A,all,biology,8,,1,,0,4,
Forrest,Palo Alto A,all,physics,8,,6,,0,24,
Tanay,Mira Loma B,all,overall,8,192,16,,1,60,
Tanay,Mira Loma B,all,other,8,,1,,0,4,
Tanay,Mira Loma B,all,math,8,,1,,0,4,
Tanay,Mira Loma B,all,chemistry,8,,8,,1,28,
Tanay,Mira Loma B,all,ess,8,,5,,0,20,
Tanay,Mira Loma B,all,biology,8,,0,,0,0,
Tanay,Mira Loma B,all,physics,8,,1,,0,4,
Adam,Saratoga A,all,overall,10,240,18,,0,72,
Adam,Saratoga A,all,other,10,,8,,0,32,
Adam,Saratoga A,all,math,10,,0,,0,0,
Adam,Saratoga A,all,chemistry,10,,1,,0,4,
Adam,Saratoga A,all,ess,10,,0,,0,0,
Adam,Saratoga A,all,biology,10,,8,,0,32,
Adam,Saratoga A,all,physics,10,,1,,0,4,
Ashrith,Mira Loma B,all,overall,8,192,15,,2,52,
Ashrith,Mira Loma B,all,other,8,,0,,0,0,
Ashrith,Mira Loma B,all,math,8,,0,,0,0,
Ashrith,Mira Loma B,all,chemistry,8,,1,,0,4,
Ashrith,Mira Loma B,all,ess,8,,4,,1,12,
Ashrith,Mira Loma B,all,biology,8,,8,,1,28,
Ashrith,Mira Loma B,all,physics,8,,2,,0,8,
Mithilesh,Cupertino B,all,overall,8,192,13,,1,48,
Mithilesh,Cupertino B,all,other,8,,2,,0,8,
Mithilesh,Cupertino B,all,math,8,,1,,0,4,
Mithilesh,Cupertino B,all,chemistry,8,,7,,1,24,
Mithilesh,Cupertino B,all,ess,8,,2,,0,8,
Mithilesh,Cupertino B,all,biology,8,,1,,0,4,
Mithilesh,Cupertino B,all,physics,8,,0,,0,0,
Shohom,Mira Loma A,all,overall,10,240,23,,8,60,
Shohom,Mira Loma A,all,other,10,,5,,1,16,
Shohom,Mira Loma A,all,math,10,,1,,1,0,
Shohom,Mira Loma A,all,chemistry,10,,1,,0,4,
Shohom,Mira Loma A,all,ess,10,,10,,0,40,
Shohom,Mira Loma A,all,biology,10,,0,,1,-4,
Shohom,Mira Loma A,all,physics,10,,6,,5,4,
Jonathen,Palo Alto B,all,overall,8,192,11,,0,44,
Jonathen,Palo Alto B,all,other,8,,1,,0,4,
Jonathen,Palo Alto B,all,math,8,,0,,0,0,
Jonathen,Palo Alto B,all,chemistry,8,,5,,0,20,
Jonathen,Palo Alto B,all,ess,8,,4,,0,16,
Jonathen,Palo Alto B,all,biology,8,,1,,0,4,
Jonathen,Palo Alto B,all,physics,8,,0,,0,0,
Levana,Saratoga B,all,overall,8,192,10,,0,40,
Levana,Saratoga B,all,other,8,,0,,0,0,
Levana,Saratoga B,all,math,8,,3,,0,12,
Levana,Saratoga B,all,chemistry,8,,6,,0,24,
Levana,Saratoga B,all,ess,8,,0,,0,0,
Levana,Saratoga B,all,biology,8,,0,,0,0,
Levana,Saratoga B,all,physics,8,,1,,0,4,
Aditi,Cupertino A,all,overall,8,192,10,,1,36,
Aditi,Cupertino A,all,other,8,,0,,0,0,
Aditi,Cupertino A,all,math,8,,4,,0,16,
Aditi,Cupertino A,all,chemistry,8,,1,,0,4,
Aditi,Cupertino A,all,ess,8,,0,,0,0,
Aditi,Cupertino A,all,biology,8,,3,,0,12,
Aditi,Cupertino A,all,physics,8,,2,,1,4,
Jeremy,Palo Alto B,all,overall,8,192,9,,0,36,
Jeremy,Palo Alto B,all,other,8,,2,,0,8,
Jeremy,Palo Alto B,all,math,8,,0,,0,0,
Jeremy,Palo Alto B,all,chemistry,8,,1,,0,4,
Jeremy,Palo Alto B,all,ess,8,,3,,0,12,
Jeremy,Palo Alto B,all,biology,8,,0,,0,0,
Jeremy,Palo Alto B,all,physics,8,,3,,0,12,
Amitabh,Cupertino B,all,overall,8,192,10,,3,28,
Amitabh,Cupertino B,all,other,8,,0,,1,-4,
Amitabh,Cupertino B,all,math,8,,3,,0,12,
Amitabh,Cupertino B,all,chemistry,8,,0,,1,-4,
Amitabh,Cupertino B,all,ess,8,,1,,0,4,
Amitabh,Cupertino B,all,biology,8,,1,,0,4,
Amitabh,Cupertino B,all,physics,8,,5,,1,16,
Carissa,Palo Alto A,all,overall,8,192,7,,0,28,
Carissa,Palo Alto A,all,other,8,,2,,0,8,
Carissa,Palo Alto A,all,math,8,,1,,0,4,
Carissa,Palo Alto A,all,chemistry,8,,2,,0,8,
Carissa,Palo Alto A,all,ess,8,,1,,0,4,
Carissa,Palo Alto A,all,biology,8,,0,,0,0,
Carissa,Palo Alto A,all,physics,8,,1,,0,4,
Minseo,Cupertino A,all,overall,8,192,7,,0,28,
Minseo,Cupertino A,all,other,8,,2,,0,8,
Minseo,Cupertino A,all,math,8,,2,,0,8,
Minseo,Cupertino A,all,chemistry,8,,2,,0,8,
Minseo,Cupertino A,all,ess,8,,0,,0,0,
Minseo,Cupertino A,all,biology,8,,1,,0,4,
Minseo,Cupertino A,all,physics,8,,0,,0,0,
Namita,Cupertino B,all,overall,8,192,7,,0,28,
Namita,Cupertino B,all,other,8,,1,,0,4,
Namita,Cupertino B,all,math,8,,0,,0,0,
Namita,Cupertino B,all,chemistry,8,,0,,0,0,
Namita,Cupertino B,all,ess,8,,6,,0,24,
Namita,Cupertino B,all,biology,8,,0,,0,0,
Namita,Cupertino B,all,physics,8,,0,,0,0,
Nathan,Palo Alto B,all,overall,8,192,8,,1,28,
Nathan,Palo Alto B,all,other,8,,1,,0,4,
Nathan,Palo Alto B,all,math,8,,4,,0,16,
Nathan,Palo Alto B,all,chemistry,8,,0,,0,0,
Nathan,Palo Alto B,all,ess,8,,0,,0,0,
Nathan,Palo Alto B,all,biology,8,,0,,0,0,
Nathan,Palo Alto B,all,physics,8,,3,,1,8,
Shubhi,Cupertino B,all,overall,8,192,3,,0,12,
Shubhi,Cupertino B,all,other,8,,0,,0,0,
Shubhi,Cupertino B,all,math,8,,0,,0,0,
Shubhi,Cupertino B,all,chemistry,8,,0,,0,0,
Shubhi,Cupertino B,all,ess,8,,0,,0,0,
Shubhi,Cupertino B,all,biology,8,,3,,0,12,
Shubhi,Cupertino B,all,physics,8,,0,,0,0,
Syaon,Stanford OHS,all,overall,8,192,3,,0,12,
Syaon,Stanford OHS,all,other,8,,1,,0,4,
Syaon,Stanford OHS,all,math,8,,0,,0,0,
Syaon,Stanford OHS,all,chemistry,8,,0,,0,0,
Syaon,Stanford OHS,all,ess,8,,1,,0,4,
Syaon,Stanford OHS,all,biology,8,,0,,0,0,
Syaon,Stanford OHS,all,physics,8,,1,,0,4,
Claire,Palo Alto B,all,overall,8,192,4,,2,8,
Claire,Palo Alto B,all,other,8,,1,,1,0,
Claire,Palo Alto B,all,math,8,,0,,0,0,
Claire,Palo Alto B,all,chemistry,8,,0,,0,0,
Claire,Palo Alto B,all,ess,8,,0,,1,-4,
Claire,Palo Alto B,all,biology,8,,3,,0,12,
Claire,Palo Alto B,all,physics,8,,0,,0,0,
Sarthak,Mira Loma A,all,overall,10,240,5,,3,8,
Sarthak,Mira Loma A,all,other,10,,0,,0,0,
Sarthak,Mira Loma A,all,math,10,,0,,0,0,
Sarthak,Mira Loma A,all,chemistry,10,,0,,0,0,
Sarthak,Mira Loma A,all,ess,10,,0,,0,0,
Sarthak,Mira Loma A,all,biology,10,,0,,0,0,
Sarthak,Mira Loma A,all,physics,10,,5,,3,8,
Richard,Cupertino B,all,overall,8,192,1,,0,4,
Richard,Cupertino B,all,other,8,,0,,0,0,
Richard,Cupertino B,all,math,8,,0,,0,0,
Richard,Cupertino B,all,chemistry,8,,1,,0,4,
Richard,Cupertino B,all,ess,8,,0,,0,0,
Richard,Cupertino B,all,biology,8,,0,,0,0,
Richard,Cupertino B,all,physics,8,,0,,0,0,
Jarvis,Palo Alto B,all,overall,8,192,0,,0,0,
Jarvis,Palo Alto B,all,other,8,,0,,0,0,
Jarvis,Palo Alto B,all,math,8,,0,,0,0,
Jarvis,Palo Alto B,all,chemistry,8,,0,,0,0,
Jarvis,Palo Alto B,all,ess,8,,0,,0,0,
Jarvis,Palo Alto B,all,biology,8,,0,,0,0,
Jarvis,Palo Alto B,all,physics,8,,0,,0,0,
