Player Name,Team Name,Player ID,TEAM ID,GP,TUH,TU,X,#Buzz,%Buzz,Acc,Neg,Points,PPG,,,
Anurag,Centennial,104421903707714227310,14,5,120,13,6,19,15.8%,68.4%,0,52,10.4,,GP,Number of games played
Ne,Ames,107358006911861614526,25,6,144,16,6,22,15.3%,72.7%,1,60,10.0,,TUH,Number of toss-ups heard
Sanjay,Middleton,107392628032593791303,26,6,144,14,8,22,15.3%,63.6%,0,56,9.3,,TU,Total number of toss-ups correct
Gilford,Cupertino,115760976429538552976,19,5,120,10,7,17,14.2%,58.8%,0,40,8.0,,X,Total number of toss-ups incorrect
Caleb,Blair,113094777403527549084,16,5,120,11,9,20,16.7%,55.0%,1,40,8.0,,#Buzz,Total number of buzzes
Elias,ASFA A,105378163543476641273,41,4,96,7,4,11,11.5%,63.6%,0,28,7.0,,%Buzz,Buzz-in rate (=#Buzz/TUH)
William,Lynbrook,105105550293037363775,75,4,96,6,5,11,11.5%,54.5%,0,24,6.0,,Acc,Percent accuracy (=TU/#Buzz)
Jashan,Dougherty A,101194706070106149860,98,6,144,9,9,18,12.5%,50.0%,0,36,6.0,,Neg,Number of incorrect interrupts
Andrew,Marquette A,115555444522874306373,119,5,120,8,6,14,11.7%,57.1%,1,28,5.6,,Points,Total points (=4(TU - Neg))
Nicolas,Naperville North,106592073915387144338,59,6,144,10,6,16,11.1%,62.5%,2,32,5.3,,PPG,Points per game (=Points/GP)
Anant,Dulles A,106355096435215503757,10,6,144,9,4,13,9.0%,69.2%,1,32,5.3,,,
Pranav,Green Hope,103302463566891626981,107,6,144,8,8,16,11.1%,50.0%,0,32,5.3,,,
Joshua,Brookfield,101949633011269793228,33,6,144,8,8,16,11.1%,50.0%,0,32,5.3,,,
Sheng,Miramonte,113550319724211374933,90,5,120,6,6,12,10.0%,50.0%,0,24,4.8,,,
Tyler,Iolani,107591415181493933346,11,5,120,6,9,15,12.5%,40.0%,0,24,4.8,,,
Adeline,North Hollywood B,117775132774051095648,48,5,120,6,9,15,12.5%,40.0%,1,20,4.0,,,
Jashun,Harrison,116502657996999104299,76,5,120,6,8,14,11.7%,42.9%,1,20,4.0,,,
Alex,Canyon Crest B,113988555944868549935,93,6,144,7,11,18,12.5%,38.9%,1,24,4.0,,,
Eric,Northview,113272260506567946998,110,5,120,5,3,8,6.7%,62.5%,0,20,4.0,,,
Gideon,Lexington,111272008240810525013,81,5,120,7,5,12,10.0%,58.3%,2,20,4.0,,,
Joseph,RMHS A,108152382525909487295,47,6,144,6,12,18,12.5%,33.3%,0,24,4.0,,,
Annie,MSJ B,107941462146309474360,57,6,144,7,2,9,6.3%,77.8%,1,24,4.0,,,
Tanay,Mira Loma B,104511857744897181126,79,5,120,5,8,13,10.8%,38.5%,0,20,4.0,,,
Marcus,Catlin Gabel,104326208552961496586,96,5,120,5,6,11,9.2%,45.5%,0,20,4.0,,,
Tanish,Stanford OHS B,103394931309758260891,51,4,96,4,2,6,6.3%,66.7%,0,16,4.0,,,
Anuraag,BRHS A,103203285567512181391,94,6,144,6,3,9,6.3%,66.7%,0,24,4.0,,,
Sonia,Arcadia A,102891699401990197394,35,4,96,4,3,7,7.3%,57.1%,0,16,4.0,,,
Charlie,Bethlehem,102823255510255293933,31,6,144,5,9,14,9.7%,35.7%,0,20,3.3,,,
William,Minnetonka,114994129520153795790,130,5,120,5,4,9,7.5%,55.6%,1,16,3.2,,,
Gaurav,Pleasanton,113371678448710533296,13,5,120,4,13,17,14.2%,23.5%,0,16,3.2,,,
David,Princeton,111407766013283262690,62,5,120,7,8,15,12.5%,46.7%,3,16,3.2,,,
Lydia,North Hollywood A,107177860179924294852,29,5,120,4,4,8,6.7%,50.0%,0,16,3.2,,,
Andre,Shen,103619215493066036869,20,5,120,6,8,14,11.7%,42.9%,2,16,3.2,,,
Ravi,Dulles B,101912840304719991943,50,5,120,4,2,6,5.0%,66.7%,0,16,3.2,,,
Yule,Peddie,101683816404691525204,89,5,120,4,4,8,6.7%,50.0%,0,16,3.2,,,
Richard,Peddie,101305231627704629973,89,5,120,4,3,7,5.8%,57.1%,0,16,3.2,,,
Vishnu,Odle,100741934745181838949,18,5,120,4,6,10,8.3%,40.0%,0,16,3.2,,,
Nikhil,Enloe A,100470170067790288852,12,5,120,4,1,5,4.2%,80.0%,0,16,3.2,,,
#N/A,#N/A,NULL,75.3633157,5.234567901,144,4,563,567,393.8%,0.7%,0,16,3.1,,,
Gokulanath,MSJ A,113689800994596883699,22,4,96,3,0,3,3.1%,100.0%,0,12,3.0,,,
Michael,Ward Melville A,110230235891551008286,42,4,96,3,1,4,4.2%,75.0%,0,12,3.0,,,
Harrison,Temple City A,101307137104352922742,15,4,96,3,8,11,11.5%,27.3%,0,12,3.0,,,
Akul,Dulles A,117012977397125715122,10,6,144,4,2,6,4.2%,66.7%,0,16,2.7,,,
Sneha,Warde,111705421239686786582,115,6,144,4,1,5,3.5%,80.0%,0,16,2.7,,,
Lidia,Venice,110835626147750924304,34,6,144,4,5,9,6.3%,44.4%,0,16,2.7,,,
Jaden,TSA B,108553336543686658155,128,6,144,4,2,6,4.2%,66.7%,0,16,2.7,,,
Fotie,RMHS B,106825581272215550736,88,6,144,4,6,10,6.9%,40.0%,0,16,2.7,,,
Evin,Jonas Clarke,104714961629414741842,27,6,144,4,1,5,3.5%,80.0%,0,16,2.7,,,
Michael,Palisades,103130523374625493241,83,6,144,4,3,7,4.9%,57.1%,0,16,2.7,,,
Brandon,Arcadia B,115809909819790146239,82,5,120,4,9,13,10.8%,30.8%,1,12,2.4,,,
Ethan,Solon,114421253674351667656,30,5,120,3,7,10,8.3%,30.0%,0,12,2.4,,,
Pranav,Marquette B,114130968595912197580,120,5,120,3,4,7,5.8%,42.9%,0,12,2.4,,,
Elyas,Mira Loma B,113357206657664826750,79,5,120,3,4,7,5.8%,42.9%,0,12,2.4,,,
Hubert,CBA Albany,110188831973717353675,85,5,120,3,5,8,6.7%,37.5%,0,12,2.4,,,
Aneesh,Wayzata,109307678008382280277,23,5,120,3,2,5,4.2%,60.0%,0,12,2.4,,,
Taran,Nation Ford,107895403539681084161,61,5,120,4,4,8,6.7%,50.0%,1,12,2.4,,,
Hanvit,Northview,107797547241232285720,110,5,120,3,3,6,5.0%,50.0%,0,12,2.4,,,
Colin,Enloe A,107077468607348826234,12,5,120,3,3,6,5.0%,50.0%,0,12,2.4,,,
Dev,BRHS B,106825165596145788356,100,5,120,3,2,5,4.2%,60.0%,0,12,2.4,,,
Aditya,Mira Loma A,106648210295642152952,24,5,120,3,1,4,3.3%,75.0%,0,12,2.4,,,
Harshit,WWP North,106596514912471226104,77,5,120,3,9,12,10.0%,25.0%,0,12,2.4,,,
Ananya,Clovis North,103448233751731895696,21,5,120,3,7,10,8.3%,30.0%,0,12,2.4,,,
Justin,PRISMS,101816927676547973811,68,5,120,4,6,10,8.3%,40.0%,1,12,2.4,,,
Nikita,TSA A,100467354541656300246,127,5,120,3,1,4,3.3%,75.0%,0,12,2.4,,,
Abhinav,Enloe B,116389943813940702737,52,6,144,3,11,14,9.7%,21.4%,0,12,2.0,,,
Viraj,Dulles A,114720212150770111881,10,6,144,3,0,3,2.1%,100.0%,0,12,2.0,,,
Titus,MSJ A,113208158437062052347,22,4,96,2,3,5,5.2%,40.0%,0,8,2.0,,,
Ritwik,Hopkins A,111765066920678120415,91,6,144,3,4,7,4.9%,42.9%,0,12,2.0,,,
William,Jonas Clarke,110342207712085723345,27,6,144,3,5,8,5.6%,37.5%,0,12,2.0,,,
Erin,Beckman A,107810143132268914989,72,4,96,2,1,3,3.1%,66.7%,0,8,2.0,,,
Neal,Ward Melville A,107422232778686939209,42,4,96,2,5,7,7.3%,28.6%,0,8,2.0,,,
Krish,Montgomery,107347559527181389117,97,6,144,4,8,12,8.3%,33.3%,1,12,2.0,,,
Michael,Venice,107171641803497272922,34,6,144,3,3,6,4.2%,50.0%,0,12,2.0,,,
Victoria,Stanford OHS A,117114720944078925477,28,5,120,2,3,5,4.2%,40.0%,0,8,1.6,,,
Jonathan,Olympia,115776869400654581089,129,5,120,2,2,4,3.3%,50.0%,0,8,1.6,,,
Richard,North Hollywood A,114856671133570071487,29,5,120,2,2,4,3.3%,50.0%,0,8,1.6,,,
Anne,Wheaton,114418026751518980352,80,5,120,2,9,11,9.2%,18.2%,0,8,1.6,,,
Aanya,Quail Valley,112981819309183364133,105,5,120,2,0,2,1.7%,100.0%,0,8,1.6,,,
Shahen,Van Nuys,112829155223885559569,37,5,120,2,2,4,3.3%,50.0%,0,8,1.6,,,
Nihal,SCDS,112664337173271823602,32,5,120,2,4,6,5.0%,33.3%,0,8,1.6,,,
Pramit,Wayzata,109320365772556239770,23,5,120,2,0,2,1.7%,100.0%,0,8,1.6,,,
Rohan,PRISMS,108903671377922335270,68,5,120,2,1,3,2.5%,66.7%,0,8,1.6,,,
Krutarth,WWP North,107799769413037396453,77,5,120,2,1,3,2.5%,66.7%,0,8,1.6,,,
Alex,North Hollywood A,106913584674750189410,29,5,120,2,1,3,2.5%,66.7%,0,8,1.6,,,
Nick,AAH,105610429014548406514,106,5,120,2,4,6,5.0%,33.3%,0,8,1.6,,,
Koby,Grayson,103855974382149310310,46,5,120,2,2,4,3.3%,50.0%,0,8,1.6,,,
Camilla,North Hollywood A,103791062063697150904,29,5,120,2,0,2,1.7%,100.0%,0,8,1.6,,,
Lillian,HHR B,102257220364493835807,70,5,120,2,4,6,5.0%,33.3%,0,8,1.6,,,
Jatin,Marquette B,100640637075367168878,120,5,120,2,4,6,5.0%,33.3%,0,8,1.6,,,
Evan,Warde,115654710839909137855,115,6,144,3,7,10,6.9%,30.0%,1,8,1.3,,,
Kyc,Canyon Crest A,115200392514479835518,44,3,72,1,1,2,2.8%,50.0%,0,4,1.3,,,
Nathan,SCGSSM B,115170618511698253576,66,6,144,2,8,10,6.9%,20.0%,0,8,1.3,,,
Rama,ECHHS,114868679584070501378,86,6,144,3,17,20,13.9%,15.0%,1,8,1.3,,,
Eileen,Temple City B,112390254105054891789,49,6,144,2,5,7,4.9%,28.6%,0,8,1.3,,,
William,SCGSSM A,110864381877382721857,40,6,144,2,2,4,2.8%,50.0%,0,8,1.3,,,
Eric,BRHS A,107442460889111750984,94,6,144,2,0,2,1.4%,100.0%,0,8,1.3,,,
Alan,Boston Latin,107221387621891052136,87,6,144,3,4,7,4.9%,42.9%,1,8,1.3,,,
Jay,Canyon Crest A,107069402072647548261,44,3,72,1,2,3,4.2%,33.3%,0,4,1.3,,,
Vidur,Lindbergh,106442958599386378471,104,6,144,2,4,6,4.2%,33.3%,0,8,1.3,,,
Camille,Maui,106257457609578978146,126,6,144,2,0,2,1.4%,100.0%,0,8,1.3,,,
Saathvik,Brookfield,105894419550665306287,33,6,144,2,0,2,1.4%,100.0%,0,8,1.3,,,
Alston,Brooklyn Latin,105549648473935221627,121,6,144,2,9,11,7.6%,18.2%,0,8,1.3,,,
Jerry,Jonas Clarke,104980240808294744707,27,6,144,2,1,3,2.1%,66.7%,0,8,1.3,,,
Ella,Naperville North,103292958615950076309,59,6,144,2,1,3,2.1%,66.7%,0,8,1.3,,,
Madhav,Enloe B,102320623365626495129,52,6,144,2,0,2,1.4%,100.0%,0,8,1.3,,,
Rishi,ASFA B,117439876913064594004,55,4,96,1,4,5,5.2%,20.0%,0,4,1.0,,,
Darson,Horace Mann,114882769094597323836,95,4,96,1,9,10,10.4%,10.0%,0,4,1.0,,,
Charan,Hillsborough,110677192618233730906,122,4,96,1,2,3,3.1%,33.3%,0,4,1.0,,,
Anirudh,Lynbrook,109165698940643147855,75,4,96,1,1,2,2.1%,50.0%,0,4,1.0,,,
Vikram,Stanford OHS B,108459053894139854379,51,4,96,1,0,1,1.0%,100.0%,0,4,1.0,,,
Riddhishrree,Hillsborough,103527437323767662988,122,4,96,1,1,2,2.1%,50.0%,0,4,1.0,,,
Aidan,Beckman A,102222127081701394129,72,4,96,1,2,3,3.1%,33.3%,0,4,1.0,,,
Matthew,Ward Melville A,100851346398886396234,42,4,96,1,0,1,1.0%,100.0%,0,4,1.0,,,
Akshay,Fremd A,116740514499842672321,99,5,120,1,6,7,5.8%,14.3%,0,4,0.8,,,
Nathan,North Hollywood B,116326052795315792056,48,5,120,1,0,1,0.8%,100.0%,0,4,0.8,,,
Nipun,Mira Loma A,115851460800773085420,24,5,120,1,1,2,1.7%,50.0%,0,4,0.8,,,
Aaditya,Cupertino,115537153154480928573,19,5,120,1,0,1,0.8%,100.0%,0,4,0.8,,,
Xing,Arcadia B,115368593806533974731,82,5,120,1,1,2,1.7%,50.0%,0,4,0.8,,,
Prajval,Solon,115292530108568217245,30,5,120,1,3,4,3.3%,25.0%,0,4,0.8,,,
Edward,North Allegheny,114717464698957846793,43,5,120,1,4,5,4.2%,20.0%,0,4,0.8,,,
Cedric,PRISMS,114535102447932380461,68,5,120,1,0,1,0.8%,100.0%,0,4,0.8,,,
Kelly,Fremd A,114146625018860407982,99,5,120,1,3,4,3.3%,25.0%,0,4,0.8,,,
Arhan,Stanford OHS A,113613993468628676194,28,5,120,1,0,1,0.8%,100.0%,0,4,0.8,,,
William,Harrison,113221807527529405574,76,5,120,1,1,2,1.7%,50.0%,0,4,0.8,,,
Kevin,Wayzata,112611779326561835517,23,5,120,1,0,1,0.8%,100.0%,0,4,0.8,,,
Sujay,Marquette A,112027875224735404810,119,5,120,1,1,2,1.7%,50.0%,0,4,0.8,,,
Samuel,Princeton,111995383688812556866,62,5,120,1,1,2,1.7%,50.0%,0,4,0.8,,,
Yangjie,PRISMS,111045016489901956081,68,5,120,1,0,1,0.8%,100.0%,0,4,0.8,,,
Nicholas,Whitney Young A,111024009920494251006,38,5,120,1,4,5,4.2%,20.0%,0,4,0.8,,,
Vishnu,Mt. Lebanon,110419827669429880206,117,5,120,1,7,8,6.7%,12.5%,0,4,0.8,,,
Arnav,Hopkins B,109975159555167837601,92,5,120,2,6,8,6.7%,25.0%,1,4,0.8,,,
Vikas,Dulles B,109851029108215076185,50,5,120,1,3,4,3.3%,25.0%,0,4,0.8,,,
Zixuan,Wootton B,108804349565439609159,65,5,120,1,4,5,4.2%,20.0%,0,4,0.8,,,
Praneeth,North Allegheny,108121563988463645667,43,5,120,1,3,4,3.3%,25.0%,0,4,0.8,,,
Michael,Peddie,107944318541350091806,89,5,120,1,3,4,3.3%,25.0%,0,4,0.8,,,
Ian,AAH,107856289217675657184,106,5,120,1,1,2,1.7%,50.0%,0,4,0.8,,,
Emily,Wayzata,107781870679798607825,23,5,120,1,2,3,2.5%,33.3%,0,4,0.8,,,
John,Stuy A,107231673523994737399,56,5,120,1,0,1,0.8%,100.0%,0,4,0.8,,,
Rohit,Enloe A,107031227865195095099,12,5,120,1,2,3,2.5%,33.3%,0,4,0.8,,,
"Needham,",TSA A,106878667496501930416,127,5,120,1,5,6,5.0%,16.7%,0,4,0.8,,,
Sky,Stuy A,106641635711057274154,56,5,120,2,2,4,3.3%,50.0%,1,4,0.8,,,
Marten,AAH,104613589186295560035,106,5,120,1,0,1,0.8%,100.0%,0,4,0.8,,,
Pari,Wheaton,104316802459313403493,80,5,120,1,0,1,0.8%,100.0%,0,4,0.8,,,
Arnie,Shen,104121967073678637249,20,5,120,1,0,1,0.8%,100.0%,0,4,0.8,,,
David,TSA A,103944592636977807195,127,5,120,1,3,4,3.3%,25.0%,0,4,0.8,,,
Manogna,Clovis North,103215991611643429876,21,5,120,1,0,1,0.8%,100.0%,0,4,0.8,,,
Christina,Whitney Young A,102876109514194645190,38,5,120,1,3,4,3.3%,25.0%,0,4,0.8,,,
Brian,Miramonte,102705574145603372853,90,5,120,1,2,3,2.5%,33.3%,0,4,0.8,,,
Nadia,Clovis North,102636161986955727092,21,5,120,1,3,4,3.3%,25.0%,0,4,0.8,,,
Olivia,Wootton B,102205437024781310333,65,5,120,1,0,1,0.8%,100.0%,0,4,0.8,,,
Ankush,Marquette A,102134928904387818968,119,5,120,1,2,3,2.5%,33.3%,0,4,0.8,,,
Ryan,Van Nuys,101855033029536052060,37,5,120,2,5,7,5.8%,28.6%,1,4,0.8,,,
Kendall,Dulles B,101619848778644934553,50,5,120,2,1,3,2.5%,66.7%,1,4,0.8,,,
Sidharth,Dulles B,101031875762185196105,50,5,120,1,3,4,3.3%,25.0%,0,4,0.8,,,
Haresh,North Allegheny,100668533196851831063,43,5,120,2,5,7,5.8%,28.6%,1,4,0.8,,,
Raja,SCGSSM A,118250679228353411007,40,6,144,1,0,1,0.7%,100.0%,0,4,0.7,,,
Isaac,Lindbergh,118033460152470273571,104,6,144,1,1,2,1.4%,50.0%,0,4,0.7,,,
Ishaan,Montgomery,116886878767475378337,97,6,144,1,0,1,0.7%,100.0%,0,4,0.7,,,
Yash,MCTM Intl,116452737481910037358,73,6,144,2,6,8,5.6%,25.0%,1,4,0.7,,,
Chinmay,Lindbergh,116177563707437015100,104,6,144,1,4,5,3.5%,20.0%,0,4,0.7,,,
Edward,Green Hope,115779911309213649048,107,6,144,1,0,1,0.7%,100.0%,0,4,0.7,,,
William,Jonas Clarke,115416410795975348371,27,6,144,1,1,2,1.4%,50.0%,0,4,0.7,,,
Sashank,Green Hope,114753977491523102167,107,6,144,1,2,3,2.1%,33.3%,0,4,0.7,,,
Jack,SCGSSM A,114731144821855976883,40,6,144,2,2,4,2.8%,50.0%,1,4,0.7,,,
Shaunak,BRHS A,114121986501644340200,94,6,144,1,3,4,2.8%,25.0%,0,4,0.7,,,
Sahas,MSJ B,113718832731163653200,57,6,144,2,2,4,2.8%,50.0%,1,4,0.7,,,
Hemosoo,Palisades,113717721987528574050,83,6,144,1,1,2,1.4%,50.0%,0,4,0.7,,,
Srijan,Green Hope,113616546983655324493,107,6,144,1,0,1,0.7%,100.0%,0,4,0.7,,,
Cas,RMHS B,113421107077105297490,88,6,144,1,7,8,5.6%,12.5%,0,4,0.7,,,
Jacob,Ames,113125189468385202172,25,6,144,1,1,2,1.4%,50.0%,0,4,0.7,,,
Carol,Temple City B,112350057729490016436,49,6,144,1,0,1,0.7%,100.0%,0,4,0.7,,,
Matthew,BRHS A,111581809742913712128,94,6,144,1,0,1,0.7%,100.0%,0,4,0.7,,,
Christopher,Boston Latin,108939071735125356971,87,6,144,1,0,1,0.7%,100.0%,0,4,0.7,,,
Sreejato,Wootton A,107525348112853381805,64,6,144,1,2,3,2.1%,33.3%,0,4,0.7,,,
Cindy,Lindbergh,107424834281416194083,104,6,144,1,1,2,1.4%,50.0%,0,4,0.7,,,
Thaddeus,Venice,107042395165060849928,34,6,144,1,3,4,2.8%,25.0%,0,4,0.7,,,
Raj,Caddo Magnet,105381418257457999922,124,6,144,1,0,1,0.7%,100.0%,0,4,0.7,,,
Sophia,Maui,104598894108394627627,126,6,144,1,2,3,2.1%,33.3%,0,4,0.7,,,
Hanson,Stuy B,103261443641832709291,58,6,144,2,6,8,5.6%,25.0%,1,4,0.7,,,
Andrew,Caddo Magnet,103232784360776758832,124,6,144,1,10,11,7.6%,9.1%,0,4,0.7,,,
Hanqi,Stuy B,102814804516102914479,58,6,144,1,2,3,2.1%,33.3%,0,4,0.7,,,
Dominique,Temple City B,102067845975878528789,49,6,144,1,4,5,3.5%,20.0%,0,4,0.7,,,
John,Maui,102011384327465003330,126,6,144,1,3,4,2.8%,25.0%,0,4,0.7,,,
Dyllan,HHR A,100165346221629863526,69,6,144,1,3,4,2.8%,25.0%,0,4,0.7,,,
Dongha,Canyon Crest A,118146997080463523079,44,3,72,0,3,3,4.2%,0.0%,0,0,0.0,,,
Shohom,Mira Loma A,118096044560523889571,24,5,120,0,1,1,0.8%,0.0%,0,0,0.0,,,
Amogh,Arcadia A,117984828643519330294,35,4,96,0,1,1,1.0%,0.0%,0,0,0.0,,,
Aaron,ASFA B,117740071446090334311,55,4,96,0,2,2,2.1%,0.0%,0,0,0.0,,,
Daniel,ASFA A,117314999308033735383,41,4,96,0,1,1,1.0%,0.0%,0,0,0.0,,,
Gatik,Hopkins B,116969565590513419298,92,5,120,0,1,1,0.8%,0.0%,0,0,0.0,,,
Benjamin,Jonas Clarke,116866135735206458305,27,6,144,0,1,1,0.7%,0.0%,0,0,0.0,,,
Rushil,Dulles A,116807051909331854620,10,6,144,0,1,1,0.7%,0.0%,0,0,0.0,,,
Larry,Canyon Crest B,116783334617615171135,93,6,144,0,1,1,0.7%,0.0%,0,0,0.0,,,
Thanuj,TSA B,116511438487348794260,128,6,144,0,2,2,1.4%,0.0%,0,0,0.0,,,
Anirudh,Palisades,116440562091327824381,83,6,144,0,2,2,1.4%,0.0%,0,0,0.0,,,
Siddhant,Stanford OHS B,116399243566701991123,51,4,96,0,1,1,1.0%,0.0%,0,0,0.0,,,
Julia,Warde,116280596430163786344,115,6,144,0,1,1,0.7%,0.0%,0,0,0.0,,,
Prayrak,Dougherty A,115709530081960810960,98,6,144,0,1,1,0.7%,0.0%,0,0,0.0,,,
Srijesh,Van Nuys,115107631805010322473,37,5,120,0,1,1,0.8%,0.0%,0,0,0.0,,,
Ronuk,Quail Valley,114638002073867381740,105,5,120,0,2,2,1.7%,0.0%,0,0,0.0,,,
Adam,SCDS,114142639745126035251,32,5,120,0,1,1,0.8%,0.0%,0,0,0.0,,,
Akshay,Fremd A,113642273032378241914,99,5,120,0,4,4,3.3%,0.0%,0,0,0.0,,,
Eli,HHR A,113629425569314628749,69,6,144,0,5,5,3.5%,0.0%,0,0,0.0,,,
Allison,Iolani,113391701272142422718,11,5,120,0,1,1,0.8%,0.0%,0,0,0.0,,,
Suren,TSA A,113352995268667025678,127,5,120,0,1,1,0.8%,0.0%,0,0,0.0,,,
Srikrishna,Quail Valley,113317893468057290770,105,5,120,0,2,2,1.7%,0.0%,0,0,0.0,,,
Evan,Warde,113107527475228220571,115,6,144,0,2,2,1.4%,0.0%,0,0,0.0,,,
Andrew,HHR B,113088911166289089966,70,5,120,0,3,3,2.5%,0.0%,0,0,0.0,,,
Devlin,HHR A,113032233423261487187,69,6,144,0,6,6,4.2%,0.0%,0,0,0.0,,,
Chris,Beckman B,113028907286291397719,84,5,120,1,4,5,4.2%,20.0%,1,0,0.0,,,
Cynthia,ASFA B,112804082329545950869,55,4,96,0,1,1,1.0%,0.0%,0,0,0.0,,,
Jeshwanth,Arcadia A,112585825402024878706,35,4,96,0,4,4,4.2%,0.0%,0,0,0.0,,,
Andy,Stuy B,112470286049408738648,58,6,144,0,1,1,0.7%,0.0%,0,0,0.0,,,
Rithik,Ward Melville B,112163792304386109400,71,5,120,0,5,5,4.2%,0.0%,0,0,0.0,,,
Dheeraj,MCTM Intl,111954230983749728235,73,6,144,0,1,1,0.7%,0.0%,0,0,0.0,,,
Vedang,Enloe B,111750213711898583169,52,6,144,0,1,1,0.7%,0.0%,0,0,0.0,,,
Arvyn,WWP North,111165689725968807795,77,5,120,0,1,1,0.8%,0.0%,0,0,0.0,,,
Bahaa,Grayson,111105342711922156835,46,5,120,0,7,7,5.8%,0.0%,0,0,0.0,,,
Sanjana,ASFA B,110818584898723682971,55,4,96,0,1,1,1.0%,0.0%,0,0,0.0,,,
Graham,Olympia,110801777825250283780,129,5,120,0,3,3,2.5%,0.0%,0,0,0.0,,,
Claire,Wootton A,110643713322350748575,64,6,144,0,6,6,4.2%,0.0%,0,0,0.0,,,
Mashrafi,Brooklyn Latin,110592573880655695300,121,6,144,0,1,1,0.7%,0.0%,0,0,0.0,,,
Erick,Boston Latin,110386750590861165559,87,6,144,0,4,4,2.8%,0.0%,0,0,0.0,,,
Karthik,BRHS B,110148340064637033304,100,5,120,0,1,1,0.8%,0.0%,0,0,0.0,,,
Arshad,Stuy B,109391296486533300256,58,6,144,0,3,3,2.1%,0.0%,0,0,0.0,,,
Neelansh,North Allegheny,109338311861383994000,43,5,120,0,2,2,1.7%,0.0%,0,0,0.0,,,
Filip,Brooklyn Latin,109227266554921911595,121,6,144,0,1,1,0.7%,0.0%,0,0,0.0,,,
Asif,CBA Albany,109146729435699480638,85,5,120,0,2,2,1.7%,0.0%,0,0,0.0,,,
Avaneesh,Brookfield,109091152872240426027,33,6,144,0,1,1,0.7%,0.0%,0,0,0.0,,,
Jack,Whitney Young A,108951721538135560483,38,5,120,0,1,1,0.8%,0.0%,0,0,0.0,,,
Arnav,Whitney Young A,108873735674065227853,38,5,120,0,2,2,1.7%,0.0%,0,0,0.0,,,
Alexander,Fremd B,108536484775228262070,101,5,120,0,7,7,5.8%,0.0%,0,0,0.0,,,
Gautam,North Allegheny,108232523690685466786,43,5,120,0,1,1,0.8%,0.0%,0,0,0.0,,,
James,ASFA A,108026671953911666566,41,4,96,0,2,2,2.1%,0.0%,0,0,0.0,,,
Peter,Catlin Gabel,107805174173852040931,96,5,120,0,1,1,0.8%,0.0%,0,0,0.0,,,
Drishti,Van Nuys,107627806612635425891,37,5,120,0,2,2,1.7%,0.0%,0,0,0.0,,,
Jack,Stuy B,107246376247269964358,58,6,144,0,3,3,2.1%,0.0%,0,0,0.0,,,
Yash,Montgomery,107215211936741485271,97,6,144,0,1,1,0.7%,0.0%,0,0,0.0,,,
Ethan,Nation Ford,106801139576055526406,61,5,120,0,2,2,1.7%,0.0%,0,0,0.0,,,
Armaan,Wootton A,106558726905171811296,64,6,144,0,1,1,0.7%,0.0%,0,0,0.0,,,
Angela,Arcadia B,106514872452270022050,82,5,120,0,1,1,0.8%,0.0%,0,0,0.0,,,
Ansh,MCTM Intl,106457187471531845221,73,6,144,0,5,5,3.5%,0.0%,0,0,0.0,,,
Harris,SCGSSM B,106319042743918244652,66,6,144,0,2,2,1.4%,0.0%,0,0,0.0,,,
Ayden,Stanford OHS B,106269283682334954637,51,4,96,0,3,3,3.1%,0.0%,0,0,0.0,,,
Steve,Fremd B,105927727873728292067,101,5,120,0,2,2,1.7%,0.0%,0,0,0.0,,,
Linda,Clovis North,105831984571973113003,21,5,120,0,1,1,0.8%,0.0%,0,0,0.0,,,
Akash,Mt. Lebanon,105755181290180463023,117,5,120,0,4,4,3.3%,0.0%,0,0,0.0,,,
James,AAH,105684456292799609640,106,5,120,0,2,2,1.7%,0.0%,0,0,0.0,,,
Jerry,MSJ B,105472344416055255315,57,6,144,0,2,2,1.4%,0.0%,0,0,0.0,,,
Piyush,Odle,105410389356412110035,18,5,120,0,2,2,1.7%,0.0%,0,0,0.0,,,
Justin,Stanford OHS A,105406489580000470684,28,5,120,0,4,4,3.3%,0.0%,0,0,0.0,,,
Dhruv,MCTM Intl,104984885470374784030,73,6,144,0,3,3,2.1%,0.0%,0,0,0.0,,,
Arnav,Marquette A,104983338474623096889,119,5,120,0,1,1,0.8%,0.0%,0,0,0.0,,,
Jeremy,Beckman A,104977543767982538383,72,4,96,0,3,3,3.1%,0.0%,0,0,0.0,,,
Ben,Ward Melville B,104795187559017403432,71,5,120,1,10,11,9.2%,9.1%,1,0,0.0,,,
Saket,TSA B,104763665997946364505,128,6,144,1,6,7,4.9%,14.3%,1,0,0.0,,,
Sid,BRHS A,104631933502425612473,94,6,144,0,4,4,2.8%,0.0%,0,0,0.0,,,
Darek,Wootton B,104631055602166808756,65,5,120,0,2,2,1.7%,0.0%,0,0,0.0,,,
David,Lynbrook,104408870717380419808,75,4,96,0,2,2,2.1%,0.0%,0,0,0.0,,,
Michael,SCGSSM A,104357162697965637005,40,6,144,0,1,1,0.7%,0.0%,0,0,0.0,,,
Gabriel,Grayson,104110655890669797780,46,5,120,0,3,3,2.5%,0.0%,0,0,0.0,,,
Daniel,North Hollywood B,104065900705702704789,48,5,120,0,1,1,0.8%,0.0%,0,0,0.0,,,
Cody,Beckman A,103845431949938194846,72,4,96,0,1,1,1.0%,0.0%,0,0,0.0,,,
Akhil,BRHS B,103611190822613681269,100,5,120,0,1,1,0.8%,0.0%,0,0,0.0,,,
Katherine,Stanford OHS A,103540512860524155775,28,5,120,0,2,2,1.7%,0.0%,0,0,0.0,,,
Saheb,SCDS,103455206936012824764,32,5,120,0,4,4,3.3%,0.0%,0,0,0.0,,,
Samhita,SCDS,103302574189375876597,32,5,120,1,4,5,4.2%,20.0%,1,0,0.0,,,
Kiruthika,Dougherty B,102968344143667223955,114,5,120,0,5,5,4.2%,0.0%,0,0,0.0,,,
Eldon,Grayson,102745770747117456121,46,5,120,0,2,2,1.7%,0.0%,0,0,0.0,,,
David,Olympia,102687963101517290545,129,5,120,0,1,1,0.8%,0.0%,0,0,0.0,,,
Edward,Stuy A,102631384831276647176,56,5,120,0,6,6,5.0%,0.0%,0,0,0.0,,,
Lucas,Hopkins A,102528640842871236621,91,6,144,0,1,1,0.7%,0.0%,0,0,0.0,,,
Antony,Olympia,102110770950607935915,129,5,120,0,4,4,3.3%,0.0%,0,0,0.0,,,
Ryan,Beckman B,102106538091614079234,84,5,120,0,3,3,2.5%,0.0%,0,0,0.0,,,
Rory,Minnetonka,101807867115638283233,130,5,120,0,2,2,1.7%,0.0%,0,0,0.0,,,
Vishnu,Hillsborough,101690390743759915700,122,4,96,0,1,1,1.0%,0.0%,0,0,0.0,,,
Jenny,Temple City A,101243208215937737827,15,4,96,0,1,1,1.0%,0.0%,0,0,0.0,,,
Kevin,Fremd B,101240852270258171878,101,5,120,0,1,1,0.8%,0.0%,0,0,0.0,,,
Thanush,Enloe B,101003384352337231245,52,6,144,0,3,3,2.1%,0.0%,0,0,0.0,,,
Sia,Wootton A,100708265911825385610,64,6,144,0,3,3,2.1%,0.0%,0,0,0.0,,,
George,Princeton,100589148649858748300,62,5,120,0,1,1,0.8%,0.0%,0,0,0.0,,,
Rohan,Hopkins A,107776249773880128902,91,6,144,0,4,4,2.8%,0.0%,1,-4,-0.7,,,
Aravind,Hopkins A,105872167863098023480,91,6,144,0,5,5,3.5%,0.0%,1,-4,-0.7,,,
Keller,Brooklyn Latin,102815317841611920858,121,6,144,0,3,3,2.1%,0.0%,1,-4,-0.7,,,
Vish,Mira Loma A,114252014978841963041,24,5,120,3,6,9,7.5%,33.3%,4,-4,-0.8,,,
Rahul,Dougherty B,109095481657053167107,114,5,120,0,1,1,0.8%,0.0%,1,-4,-0.8,,,
#N/A,#N/A,Grand Total,67.69879518,5.28313253,144,534,1458,1992,1383.3%,26.8%,46,1952,369.5,,,
#N/A,#N/A,,,,,,,,,,,,,,,
#N/A,#N/A,,,,,,,,,,,,,,,
#N/A,#N/A,,,,,,,,,,,,,,,
#N/A,#N/A,,,,,,,,,,,,,,,
#N/A,#N/A,,,,,,,,,,,,,,,
#N/A,#N/A,,,,,,,,,,,,,,,
#N/A,#N/A,,,,,,,,,,,,,,,
#N/A,#N/A,,,,,,,,,,,,,,,
#N/A,#N/A,,,,,,,,,,,,,,,
#N/A,#N/A,,,,,,,,,,,,,,,
#N/A,#N/A,,,,,,,,,,,,,,,
#N/A,#N/A,,,,,,,,,,,,,,,
#N/A,#N/A,,,,,,,,,,,,,,,
#N/A,#N/A,,,,,,,,,,,,,,,
#N/A,#N/A,,,,,,,,,,,,,,,
#N/A,#N/A,,,,,,,,,,,,,,,
#N/A,#N/A,,,,,,,,,,,,,,,
#N/A,#N/A,,,,,,,,,,,,,,,
#N/A,#N/A,,,,,,,,,,,,,,,
#N/A,#N/A,,,,,,,,,,,,,,,
#N/A,#N/A,,,,,,,,,,,,,,,
#N/A,#N/A,,,,,,,,,,,,,,,
#N/A,#N/A,,,,,,,,,,,,,,,
#N/A,#N/A,,,,,,,,,,,,,,,
#N/A,#N/A,,,,,,,,,,,,,,,
#N/A,#N/A,,,,,,,,,,,,,,,
#N/A,#N/A,,,,,,,,,,,,,,,
#N/A,#N/A,,,,,,,,,,,,,,,
#N/A,#N/A,,,,,,,,,,,,,,,
#N/A,#N/A,,,,,,,,,,,,,,,
#N/A,#N/A,,,,,,,,,,,,,,,
#N/A,#N/A,,,,,,,,,,,,,,,
#N/A,#N/A,,,,,,,,,,,,,,,
#N/A,#N/A,,,,,,,,,,,,,,,
#N/A,#N/A,,,,,,,,,,,,,,,
#N/A,#N/A,,,,,,,,,,,,,,,
#N/A,#N/A,,,,,,,,,,,,,,,
#N/A,#N/A,,,,,,,,,,,,,,,
#N/A,#N/A,,,,,,,,,,,,,,,
#N/A,#N/A,,,,,,,,,,,,,,,
#N/A,#N/A,,,,,,,,,,,,,,,
#N/A,#N/A,,,,,,,,,,,,,,,
#N/A,#N/A,,,,,,,,,,,,,,,
#N/A,#N/A,,,,,,,,,,,,,,,
#N/A,#N/A,,,,,,,,,,,,,,,
#N/A,#N/A,,,,,,,,,,,,,,,
#N/A,#N/A,,,,,,,,,,,,,,,
#N/A,#N/A,,,,,,,,,,,,,,,
#N/A,#N/A,,,,,,,,,,,,,,,
#N/A,#N/A,,,,,,,,,,,,,,,
#N/A,#N/A,,,,,,,,,,,,,,,
#N/A,#N/A,,,,,,,,,,,,,,,
#N/A,#N/A,,,,,,,,,,,,,,,
#N/A,#N/A,,,,,,,,,,,,,,,
#N/A,#N/A,,,,,,,,,,,,,,,
#N/A,#N/A,,,,,,,,,,,,,,,
#N/A,#N/A,,,,,,,,,,,,,,,
#N/A,#N/A,,,,,,,,,,,,,,,
#N/A,#N/A,,,,,,,,,,,,,,,
#N/A,#N/A,,,,,,,,,,,,,,,
#N/A,#N/A,,,,,,,,,,,,,,,
#N/A,#N/A,,,,,,,,,,,,,,,
#N/A,#N/A,,,,,,,,,,,,,,,
#N/A,#N/A,,,,,,,,,,,,,,,
#N/A,#N/A,,,,,,,,,,,,,,,
#N/A,#N/A,,,,,,,,,,,,,,,
#N/A,#N/A,,,,,,,,,,,,,,,
#N/A,#N/A,,,,,,,,,,,,,,,
#N/A,#N/A,,,,,,,,,,,,,,,
#N/A,#N/A,,,,,,,,,,,,,,,
#N/A,#N/A,,,,,,,,,,,,,,,
#N/A,#N/A,,,,,,,,,,,,,,,
#N/A,#N/A,,,,,,,,,,,,,,,
#N/A,#N/A,,,,,,,,,,,,,,,
#N/A,#N/A,,,,,,,,,,,,,,,
#N/A,#N/A,,,,,,,,,,,,,,,
#N/A,#N/A,,,,,,,,,,,,,,,
#N/A,#N/A,,,,,,,,,,,,,,,
#N/A,#N/A,,,,,,,,,,,,,,,
#N/A,#N/A,,,,,,,,,,,,,,,
#N/A,#N/A,,,,,,,,,,,,,,,
#N/A,#N/A,,,,,,,,,,,,,,,
#N/A,#N/A,,,,,,,,,,,,,,,
#N/A,#N/A,,,,,,,,,,,,,,,
#N/A,#N/A,,,,,,,,,,,,,,,
#N/A,#N/A,,,,,,,,,,,,,,,
#N/A,#N/A,,,,,,,,,,,,,,,
#N/A,#N/A,,,,,,,,,,,,,,,
#N/A,#N/A,,,,,,,,,,,,,,,
#N/A,#N/A,,,,,,,,,,,,,,,
#N/A,#N/A,,,,,,,,,,,,,,,
#N/A,#N/A,,,,,,,,,,,,,,,
#N/A,#N/A,,,,,,,,,,,,,,,
#N/A,#N/A,,,,,,,,,,,,,,,
#N/A,#N/A,,,,,,,,,,,,,,,
#N/A,#N/A,,,,,,,,,,,,,,,
#N/A,#N/A,,,,,,,,,,,,,,,
#N/A,#N/A,,,,,,,,,,,,,,,
#N/A,#N/A,,,,,,,,,,,,,,,
#N/A,#N/A,,,,,,,,,,,,,,,
#N/A,#N/A,,,,,,,,,,,,,,,
#N/A,#N/A,,,,,,,,,,,,,,,
#N/A,#N/A,,,,,,,,,,,,,,,
#N/A,#N/A,,,,,,,,,,,,,,,
#N/A,#N/A,,,,,,,,,,,,,,,
#N/A,#N/A,,,,,,,,,,,,,,,
#N/A,#N/A,,,,,,,,,,,,,,,
#N/A,#N/A,,,,,,,,,,,,,,,
#N/A,#N/A,,,,,,,,,,,,,,,
#N/A,#N/A,,,,,,,,,,,,,,,
#N/A,#N/A,,,,,,,,,,,,,,,
#N/A,#N/A,,,,,,,,,,,,,,,
#N/A,#N/A,,,,,,,,,,,,,,,
#N/A,#N/A,,,,,,,,,,,,,,,
#N/A,#N/A,,,,,,,,,,,,,,,
#N/A,#N/A,,,,,,,,,,,,,,,
#N/A,#N/A,,,,,,,,,,,,,,,
#N/A,#N/A,,,,,,,,,,,,,,,
#N/A,#N/A,,,,,,,,,,,,,,,
#N/A,#N/A,,,,,,,,,,,,,,,
#N/A,#N/A,,,,,,,,,,,,,,,
#N/A,#N/A,,,,,,,,,,,,,,,
#N/A,#N/A,,,,,,,,,,,,,,,
#N/A,#N/A,,,,,,,,,,,,,,,
#N/A,#N/A,,,,,,,,,,,,,,,
#N/A,#N/A,,,,,,,,,,,,,,,
#N/A,#N/A,,,,,,,,,,,,,,,
#N/A,#N/A,,,,,,,,,,,,,,,
#N/A,#N/A,,,,,,,,,,,,,,,
#N/A,#N/A,,,,,,,,,,,,,,,
#N/A,#N/A,,,,,,,,,,,,,,,
#N/A,#N/A,,,,,,,,,,,,,,,
#N/A,#N/A,,,,,,,,,,,,,,,
#N/A,#N/A,,,,,,,,,,,,,,,
#N/A,#N/A,,,,,,,,,,,,,,,
#N/A,#N/A,,,,,,,,,,,,,,,
#N/A,#N/A,,,,,,,,,,,,,,,
#N/A,#N/A,,,,,,,,,,,,,,,
#N/A,#N/A,,,,,,,,,,,,,,,
#N/A,#N/A,,,,,,,,,,,,,,,
#N/A,#N/A,,,,,,,,,,,,,,,
#N/A,#N/A,,,,,,,,,,,,,,,
#N/A,#N/A,,,,,,,,,,,,,,,
#N/A,#N/A,,,,,,,,,,,,,,,
#N/A,#N/A,,,,,,,,,,,,,,,
#N/A,#N/A,,,,,,,,,,,,,,,
#N/A,#N/A,,,,,,,,,,,,,,,
#N/A,#N/A,,,,,,,,,,,,,,,
#N/A,#N/A,,,,,,,,,,,,,,,