team,school,state,players,notes
Clements High School A,Clements High School,,Annabelle Xue;Shreyas Chittoor;Alexander Fernandez;matthew fernandez;Eric Zang,
Cypress Ranch High School A,Cypress Ranch High School,,Pravar Bhat;Sarah Castro;Ram Karthikeya Magathala (Captain);Franklin Zhao;Alec Gutierrez,
Cypress Ranch High School B,Cypress Ranch High School,,Hy Kim;Amarnath Munduru;Ishaan Koukuntla;Kien Pattani;Manyu Dubbreddy,
Dulles High School A,Dulles High School,,Mahith Gottipati;Ronuk Gadamsetty;Kevin Zhang;Aditya Puppala;Aastik Bhattacharjee,
Dulles High School B,Dulles High School,,Veeraj Sirivolu;Arnav Doshi;Akshita Cheraku;Srihan Kolla,
Elkins High School A,Elkins High School,,Abhinav Nambi;Krithik Manoharan;Jingyuan Guo;Varun Athis;Eashan Shetty,
Liberal Arts and Sciences Academy A,Liberal Arts and Sciences Academy,,Anwitha Nanduru;Zaara Zaidi;Zoya Sharma;Srihitha Papisetti;Myra Khan,
Plano West Senior High School A,Plano West Senior High School,,Isabella Wang;Samuel So;Aarush Kiran;Jayson Zhang,
Strake Jesuit College Preparatory A,Strake Jesuit College Preparatory,,Logan Wang;Sean Boyle;Ian Phan;James Lenton;Andrew Smith,
The Westminster Schools A,The Westminster Schools,,Owen Lahiji;Lucas Liu;Samanyu Ganesh;Enpeng Jiang,
The Westminster Schools B,The Westminster Schools,,Alex Wang;Eric Jiang;Audrey Yu;Ryan Yao,
