Round 2,Index:,,,Team B:,,,90,Error!,Team A:,,44,,,,,,,,,,,
Round Robin,30,,,,,A-Four,A-Three,A-Captain,A-One,B-One,B-Captain,B-Three,B-Four,No correct answers,,,,,,,,
,,,,,,,,,,,,,,,,,,,,,List of things:,
,,,,,,,,,,,,,,,,,,,,FALSE,Ensure teams and round # are correct,
Team A:,Palo Alto A,,,Team A Members:,,Forrest Chou,Carissa Tsui,Claire Shi,Andrew Wen,Surya Gannerkote,,,,,,,,,,,,
Team B:,BASIS Independent A,,,Team B Members:,,Yueqian Zhang,Sidhant Chaliha,Ivan Zhang,Meryl Zhang,Anoushka Thamane,,,,,,,,,,,,
,,,,,,,,,,,,,,,,,,,,FALSE,Open up question doc,
Test # to Use:,#REF!,,,,,,,,,,,,,,,,,,,,,
Timer Website,,,,,,,,,,,,,,,,,,,,FALSE,Assign players for half 1,
Half 1:,,,,,,A-Four,A-Three,A-Captain,A-One,B-One,B-Captain,B-Three,B-Four,No correct answers,,,,Category,Error,,,
A Four:,Surya Gannerkote,0,,TU,1,FALSE,FALSE,FALSE,FALSE,FALSE,FALSE,FALSE,FALSE,TRUE,,,,Biology,FALSE,FALSE,Score half 1,
A Three:,Andrew Wen,1,,Penalty,1,FALSE,FALSE,FALSE,FALSE,FALSE,FALSE,FALSE,FALSE,,,,,Biology,FALSE,FALSE,"At halftime, note down which question you stopped at",
A Captain:,Forrest Chou,1,,B,1,,,FALSE,,,FALSE,,,,,,,Biology,FALSE,,,
A One:,Carissa Tsui,0,,TU,2,FALSE,FALSE,FALSE,FALSE,TRUE,FALSE,FALSE,FALSE,FALSE,,,,Energy,FALSE,,,
,,,,Penalty,2,FALSE,FALSE,FALSE,FALSE,FALSE,FALSE,FALSE,FALSE,,,,,Energy,FALSE,,,
B One:,Ivan Zhang,1,,B,2,,,FALSE,,,TRUE,,,,,,,Energy,FALSE,FALSE,Assign players for half 2,
B Captain:,Sidhant Chaliha,1,,TU,3,FALSE,TRUE,FALSE,FALSE,FALSE,FALSE,FALSE,FALSE,FALSE,,,,Math,FALSE,,,
B Three:,Yueqian Zhang,0,,Penalty,3,FALSE,FALSE,FALSE,FALSE,FALSE,FALSE,FALSE,FALSE,,,,,Math,FALSE,FALSE,Score half 2,
B Four:,Meryl Zhang,1,,B,3,,,FALSE,,,FALSE,,,,,,,Math,FALSE,FALSE,"Check off ""Scores Finalized?""",
,,,,TU,4,FALSE,FALSE,TRUE,FALSE,FALSE,FALSE,FALSE,FALSE,FALSE,,,,Physics,FALSE,,,
Question # for the last question read in first half:,10,,,Penalty,4,FALSE,FALSE,FALSE,FALSE,FALSE,FALSE,FALSE,FALSE,,,,,Physics,FALSE,,,
,,,,B,4,,,FALSE,,,FALSE,,,,,,,Physics,FALSE,,,
,,,,TU,5,FALSE,FALSE,FALSE,FALSE,FALSE,FALSE,FALSE,FALSE,FALSE,,,,Earth,FALSE,,,
,,,,Penalty,5,FALSE,FALSE,FALSE,FALSE,TRUE,FALSE,FALSE,FALSE,,,,,Earth,FALSE,,,
Half 2:,,,,B,5,,,FALSE,,,FALSE,,,,,,,Earth,FALSE,,,
A Four:,Surya Gannerkote,1,,TU,6,FALSE,FALSE,FALSE,FALSE,FALSE,TRUE,FALSE,FALSE,FALSE,,,,Chemistry,FALSE,,,
A Three:,Andrew Wen,0,,Penalty,6,FALSE,FALSE,FALSE,FALSE,FALSE,FALSE,FALSE,FALSE,,,,,Chemistry,FALSE,,,
A Captain:,Forrest Chou,0,,B,6,,,FALSE,,,TRUE,,,,,,,Chemistry,FALSE,,,
A One:,Carissa Tsui,0,,TU,7,FALSE,FALSE,FALSE,FALSE,FALSE,FALSE,TRUE,FALSE,FALSE,,,,Physics,FALSE,,,
,,,,Penalty,7,FALSE,FALSE,FALSE,FALSE,FALSE,FALSE,FALSE,FALSE,,,,,Physics,FALSE,,,
B One:,Ivan Zhang,2,,B,7,,,FALSE,,,TRUE,,,,,,,Physics,FALSE,,,
B Captain:,Sidhant Chaliha,2,,TU,8,TRUE,FALSE,FALSE,FALSE,FALSE,FALSE,FALSE,FALSE,FALSE,,,,Biology,FALSE,,,
B Three:,Yueqian Zhang,0,,Penalty,8,FALSE,FALSE,FALSE,FALSE,FALSE,FALSE,FALSE,FALSE,,,,,Biology,FALSE,,,
B Four:,Meryl Zhang,4,,B,8,,,TRUE,,,FALSE,,,,,,,Biology,FALSE,,,
,,,,TU,9,FALSE,FALSE,FALSE,FALSE,FALSE,TRUE,FALSE,FALSE,FALSE,,,,Earth,FALSE,,,
Entered Half 1 names?,TRUE,,,Penalty,9,FALSE,FALSE,FALSE,FALSE,FALSE,FALSE,FALSE,FALSE,,,,,Earth,FALSE,,,
,,,,B,9,,,FALSE,,,FALSE,,,,,,,Earth,FALSE,,,
Entered Q# for the half?,TRUE,,,TU,10,FALSE,FALSE,FALSE,FALSE,FALSE,TRUE,FALSE,FALSE,FALSE,,,,Chemistry,FALSE,,,
,,,,Penalty,10,FALSE,FALSE,FALSE,FALSE,FALSE,FALSE,FALSE,FALSE,,,,,Chemistry,FALSE,,,
Entered Half 2 names?,TRUE,,,B,10,,,FALSE,,,FALSE,,,,,,,Chemistry,FALSE,,,
,,,,TU,11,FALSE,FALSE,FALSE,FALSE,FALSE,FALSE,TRUE,FALSE,FALSE,,,,Math,FALSE,,,
Scores Finalized?,TRUE,,,Penalty,11,FALSE,FALSE,FALSE,FALSE,FALSE,FALSE,FALSE,FALSE,,,,,Math,FALSE,,,
,,,,B,11,,,FALSE,,,FALSE,,,,,,,Math,FALSE,,,
,,,,TU,12,FALSE,FALSE,FALSE,FALSE,FALSE,FALSE,FALSE,FALSE,TRUE,,,,Energy,FALSE,,,
,,,,Penalty,12,FALSE,FALSE,FALSE,FALSE,FALSE,FALSE,FALSE,FALSE,,,,,Energy,FALSE,,,
,,,,B,12,,,FALSE,,,FALSE,,,,,,,Energy,FALSE,,,
,,,,TU,13,FALSE,FALSE,FALSE,FALSE,FALSE,FALSE,TRUE,FALSE,FALSE,,,,Math,FALSE,,,
,,,,Penalty,13,FALSE,FALSE,FALSE,FALSE,FALSE,FALSE,FALSE,FALSE,,,,,Math,FALSE,,,
,,,,B,13,,,FALSE,,,TRUE,,,,,,,Math,FALSE,,,
,,,,TU,14,FALSE,FALSE,FALSE,FALSE,FALSE,FALSE,FALSE,FALSE,TRUE,,,,Biology,FALSE,,,
,,,,Penalty,14,FALSE,FALSE,FALSE,FALSE,FALSE,FALSE,FALSE,FALSE,,,,,Biology,FALSE,,,
,,,,B,14,,,FALSE,,,FALSE,,,,,,,Biology,FALSE,,,
,,,,TU,15,FALSE,FALSE,FALSE,FALSE,FALSE,FALSE,FALSE,FALSE,TRUE,,,,Earth,FALSE,,,
,,,,Penalty,15,FALSE,FALSE,FALSE,FALSE,FALSE,FALSE,FALSE,FALSE,,,,,Earth,FALSE,,,
,,,,B,15,,,FALSE,,,FALSE,,,,,,,Earth,FALSE,,,
,,,,TU,16,FALSE,FALSE,FALSE,FALSE,FALSE,FALSE,FALSE,FALSE,TRUE,,,,Physics,FALSE,,,
,,,,Penalty,16,FALSE,FALSE,FALSE,FALSE,FALSE,FALSE,FALSE,FALSE,,,,,Physics,FALSE,,,
,,,,B,16,,,FALSE,,,FALSE,,,,,,,Physics,FALSE,,,
,,,,TU,17,FALSE,FALSE,TRUE,FALSE,FALSE,FALSE,FALSE,FALSE,FALSE,,,,Chemistry,FALSE,,,
,,,,Penalty,17,FALSE,FALSE,FALSE,FALSE,FALSE,FALSE,FALSE,FALSE,,,,,Chemistry,FALSE,,,
,,,,B,17,,,FALSE,,,FALSE,,,,,,,Chemistry,FALSE,,,
,,,,TU,18,FALSE,FALSE,FALSE,FALSE,FALSE,TRUE,FALSE,FALSE,FALSE,,,,Earth,FALSE,,,
,,,,Penalty,18,FALSE,FALSE,FALSE,FALSE,FALSE,FALSE,FALSE,FALSE,,,,,Earth,FALSE,,,
,,,,B,18,,,FALSE,,,FALSE,,,,,,,Earth,FALSE,,,
,,,,TU,19,FALSE,FALSE,FALSE,FALSE,FALSE,TRUE,FALSE,FALSE,FALSE,,,,Energy,FALSE,,,
,,,,Penalty,19,FALSE,FALSE,FALSE,FALSE,FALSE,FALSE,FALSE,FALSE,,,,,Energy,FALSE,,,
,,,,B,19,,,FALSE,,,TRUE,,,,,,,Energy,FALSE,,,
,,,,TU,20,FALSE,FALSE,TRUE,FALSE,FALSE,FALSE,FALSE,FALSE,FALSE,,,,Physics,FALSE,,,
,,,,Penalty,20,FALSE,FALSE,FALSE,FALSE,FALSE,FALSE,FALSE,FALSE,,,,,Physics,FALSE,,,
,,,,B,20,,,TRUE,,,FALSE,,,,,,,Physics,FALSE,,,
,,,,TU,21,FALSE,FALSE,FALSE,FALSE,FALSE,FALSE,TRUE,FALSE,FALSE,,,,Math,FALSE,,,
,,,,Penalty,21,FALSE,FALSE,FALSE,FALSE,FALSE,FALSE,FALSE,FALSE,,,,,Math,FALSE,,,
,,,,B,21,,,FALSE,,,FALSE,,,,,,,Math,FALSE,,,
,,,,TU,22,FALSE,FALSE,FALSE,FALSE,FALSE,FALSE,FALSE,FALSE,FALSE,,,,Chemistry,FALSE,,,
,,,,Penalty,22,FALSE,FALSE,FALSE,FALSE,FALSE,FALSE,FALSE,FALSE,,,,,Chemistry,FALSE,,,
,,,,B,22,,,FALSE,,,FALSE,,,,,,,Chemistry,FALSE,,,
,,,,TU,23,FALSE,FALSE,FALSE,FALSE,FALSE,FALSE,FALSE,FALSE,FALSE,,,,Biology,FALSE,,,
,,,,Penalty,23,FALSE,FALSE,FALSE,FALSE,FALSE,FALSE,FALSE,FALSE,,,,,Biology,FALSE,,,
,,,,B,23,,,FALSE,,,FALSE,,,,,,,Biology,FALSE,,,
,,,,,,,,,,,,,,,,,,,FALSE,,,
,,,,,,,,,,,,,,,,,,,FALSE,,,
,,,,,,,,,,,,,,,,,,,FALSE,,,
,,,,,,,,,,,,,,,,,,,FALSE,,,
,,,,,,,,,,,,,,,,,,,FALSE,,,
,,,,,,,,,,,,,,,,,,,,,,
,,,,,,,Surya Gannerkote,Andrew Wen,Forrest Chou,Carissa Tsui,Ivan Zhang,Sidhant Chaliha,Yueqian Zhang,Meryl Zhang,Surya Gannerkote,Andrew Wen,Forrest Chou,Carissa Tsui,Ivan Zhang,Sidhant Chaliha,Yueqian Zhang,Meryl Zhang
,,,,,,Biology,1.5,0,0,0,0,0,0,0,0,0,0,0,0,0,0,0
,,,,,,Chemistry,0,0,0,0,0,2.5,0,0,0,0,1,0,0,0,0,0
,,,,,,Earth,0,0,0,0,-1,1,0,0,0,0,0,0,0,1,0,0
,,,,,,Energy,0,0,0,0,1.5,0,0,0,0,0,0,0,0,1.5,0,0
,,,,,,Math,0,1,0,0,0,0,0,0,0,0,0,0,0,0,3.5,0
,,,,,,Physics,0,0,1,0,0,0,1.5,0,0,0,1.5,0,0,0,0,0
,,,,,,,,,,,,,,,,,,,,,,
,,,,,,,,Forrest Chou,Carissa Tsui,Claire Shi,Andrew Wen,Surya Gannerkote,Yueqian Zhang,Sidhant Chaliha,Ivan Zhang,Meryl Zhang,Anoushka Thamane,,,,,
,,,,,,,Biology,0,0,#N/A,0,1.5,0,0,0,0,#N/A,,,,,
,,,,,,,Chemistry,1,0,#N/A,0,0,0,2.5,0,0,#N/A,,,,,
,,,,,,,Earth,0,0,#N/A,0,0,0,2,-1,0,#N/A,,,,,
,,,,,,,Energy,0,0,#N/A,0,0,0,1.5,1.5,0,#N/A,,,,,
,,,,,,,Math,0,0,#N/A,1,0,3.5,0,0,0,#N/A,,,,,
,,,,,,,Physics,2.5,0,#N/A,0,0,1.5,0,0,0,#N/A,,,,,
,,,,,,44,90,"0,1,0,0,0,2.5","0,0,0,0,0,0",#N/A,"0,0,0,0,1,0","1.5,0,0,0,0,0","0,0,0,0,3.5,1.5","0,2.5,2,1.5,0,0","0,0,-1,1.5,0,0","0,0,0,0,0,0",#N/A,,,,,